74,76,Xb85P3yopgFL0cbCygc4PESZNUE=,+zujif6ksajj9kddpqaw/EpBeF8=
74,77,Xb85P3yopgFL0cbCygc4PESZNUE=,+zujif6ksajj9kddpqaw/EpBeF8=
73,76,Xb85P3yopgFL0cbCygc4PESZNUE=,+zujif6ksajj9kddpqaw/EpBeF8=
73,78,Xb85P3yopgFL0cbCygc4PESZNUE=,+zujif6ksajj9kddpqaw/EpBeF8=
74,79,Xb85P3yopgFL0cbCygc4PESZNUE=,+zujif6ksajj9kddpqaw/EpBeF8=
73,79,Xb85P3yopgFL0cbCygc4PESZNUE=,+zujif6ksajj9kddpqaw/EpBeF8=
73,77,Xb85P3yopgFL0cbCygc4PESZNUE=,+zujif6ksajj9kddpqaw/EpBeF8=
74,78,Xb85P3yopgFL0cbCygc4PESZNUE=,+zujif6ksajj9kddpqaw/EpBeF8=
72,78,Xb85P3yopgFL0cbCygc4PESZNUE=,+zujif6ksajj9kddpqaw/EpBeF8=
72,77,Xb85P3yopgFL0cbCygc4PESZNUE=,+zujif6ksajj9kddpqaw/EpBeF8=
72,79,Xb85P3yopgFL0cbCygc4PESZNUE=,+zujif6ksajj9kddpqaw/EpBeF8=
72,76,Xb85P3yopgFL0cbCygc4PESZNUE=,+zujif6ksajj9kddpqaw/EpBeF8=
79,72,Xb85P3yopgFL0cbCygc4PESZNUE=,+zujif6ksajj9kddpqaw/EpBeF8=
76,72,Xb85P3yopgFL0cbCygc4PESZNUE=,+zujif6ksajj9kddpqaw/EpBeF8=
77,72,Xb85P3yopgFL0cbCygc4PESZNUE=,+zujif6ksajj9kddpqaw/EpBeF8=
79,73,Xb85P3yopgFL0cbCygc4PESZNUE=,+zujif6ksajj9kddpqaw/EpBeF8=
76,74,Xb85P3yopgFL0cbCygc4PESZNUE=,+zujif6ksajj9kddpqaw/EpBeF8=
77,74,Xb85P3yopgFL0cbCygc4PESZNUE=,+zujif6ksajj9kddpqaw/EpBeF8=
76,73,Xb85P3yopgFL0cbCygc4PESZNUE=,+zujif6ksajj9kddpqaw/EpBeF8=
77,73,Xb85P3yopgFL0cbCygc4PESZNUE=,+zujif6ksajj9kddpqaw/EpBeF8=
79,74,Xb85P3yopgFL0cbCygc4PESZNUE=,+zujif6ksajj9kddpqaw/EpBeF8=
78,73,Xb85P3yopgFL0cbCygc4PESZNUE=,+zujif6ksajj9kddpqaw/EpBeF8=
78,72,Xb85P3yopgFL0cbCygc4PESZNUE=,+zujif6ksajj9kddpqaw/EpBeF8=
78,74,Xb85P3yopgFL0cbCygc4PESZNUE=,+zujif6ksajj9kddpqaw/EpBeF8=
79,75,Xb85P3yopgFL0cbCygc4PESZNUE=,+zujif6ksajj9kddpqaw/EpBeF8=
79,79,Xb85P3yopgFL0cbCygc4PESZNUE=,+zujif6ksajj9kddpqaw/EpBeF8=
76,79,Xb85P3yopgFL0cbCygc4PESZNUE=,+zujif6ksajj9kddpqaw/EpBeF8=
75,77,Xb85P3yopgFL0cbCygc4PESZNUE=,+zujif6ksajj9kddpqaw/EpBeF8=
78,79,Xb85P3yopgFL0cbCygc4PESZNUE=,+zujif6ksajj9kddpqaw/EpBeF8=
77,77,Xb85P3yopgFL0cbCygc4PESZNUE=,+zujif6ksajj9kddpqaw/EpBeF8=
78,77,Xb85P3yopgFL0cbCygc4PESZNUE=,+zujif6ksajj9kddpqaw/EpBeF8=
75,76,Xb85P3yopgFL0cbCygc4PESZNUE=,+zujif6ksajj9kddpqaw/EpBeF8=
79,77,Xb85P3yopgFL0cbCygc4PESZNUE=,+zujif6ksajj9kddpqaw/EpBeF8=
77,79,Xb85P3yopgFL0cbCygc4PESZNUE=,+zujif6ksajj9kddpqaw/EpBeF8=
77,78,Xb85P3yopgFL0cbCygc4PESZNUE=,+zujif6ksajj9kddpqaw/EpBeF8=
77,75,Xb85P3yopgFL0cbCygc4PESZNUE=,+zujif6ksajj9kddpqaw/EpBeF8=
76,76,Xb85P3yopgFL0cbCygc4PESZNUE=,+zujif6ksajj9kddpqaw/EpBeF8=
76,77,Xb85P3yopgFL0cbCygc4PESZNUE=,+zujif6ksajj9kddpqaw/EpBeF8=
79,76,Xb85P3yopgFL0cbCygc4PESZNUE=,+zujif6ksajj9kddpqaw/EpBeF8=
75,78,Xb85P3yopgFL0cbCygc4PESZNUE=,+zujif6ksajj9kddpqaw/EpBeF8=
78,78,Xb85P3yopgFL0cbCygc4PESZNUE=,+zujif6ksajj9kddpqaw/EpBeF8=
77,76,Xb85P3yopgFL0cbCygc4PESZNUE=,+zujif6ksajj9kddpqaw/EpBeF8=
78,75,Xb85P3yopgFL0cbCygc4PESZNUE=,+zujif6ksajj9kddpqaw/EpBeF8=
76,78,Xb85P3yopgFL0cbCygc4PESZNUE=,+zujif6ksajj9kddpqaw/EpBeF8=
76,75,Xb85P3yopgFL0cbCygc4PESZNUE=,+zujif6ksajj9kddpqaw/EpBeF8=
75,79,Xb85P3yopgFL0cbCygc4PESZNUE=,+zujif6ksajj9kddpqaw/EpBeF8=
78,76,Xb85P3yopgFL0cbCygc4PESZNUE=,+zujif6ksajj9kddpqaw/EpBeF8=
79,78,Xb85P3yopgFL0cbCygc4PESZNUE=,+zujif6ksajj9kddpqaw/EpBeF8=
72,81,Xb85P3yopgFL0cbCygc4PESZNUE=,+zujif6ksajj9kddpqaw/EpBeF8=
73,82,Xb85P3yopgFL0cbCygc4PESZNUE=,+zujif6ksajj9kddpqaw/EpBeF8=
73,81,Xb85P3yopgFL0cbCygc4PESZNUE=,+zujif6ksajj9kddpqaw/EpBeF8=
74,81,Xb85P3yopgFL0cbCygc4PESZNUE=,+zujif6ksajj9kddpqaw/EpBeF8=
73,83,Xb85P3yopgFL0cbCygc4PESZNUE=,+zujif6ksajj9kddpqaw/EpBeF8=
74,82,Xb85P3yopgFL0cbCygc4PESZNUE=,+zujif6ksajj9kddpqaw/EpBeF8=
74,80,Xb85P3yopgFL0cbCygc4PESZNUE=,+zujif6ksajj9kddpqaw/EpBeF8=
72,83,Xb85P3yopgFL0cbCygc4PESZNUE=,+zujif6ksajj9kddpqaw/EpBeF8=
72,82,Xb85P3yopgFL0cbCygc4PESZNUE=,+zujif6ksajj9kddpqaw/EpBeF8=
74,83,Xb85P3yopgFL0cbCygc4PESZNUE=,+zujif6ksajj9kddpqaw/EpBeF8=
73,80,Xb85P3yopgFL0cbCygc4PESZNUE=,+zujif6ksajj9kddpqaw/EpBeF8=
72,80,Xb85P3yopgFL0cbCygc4PESZNUE=,+zujif6ksajj9kddpqaw/EpBeF8=
77,81,Xb85P3yopgFL0cbCygc4PESZNUE=,+zujif6ksajj9kddpqaw/EpBeF8=
76,83,Xb85P3yopgFL0cbCygc4PESZNUE=,+zujif6ksajj9kddpqaw/EpBeF8=
78,81,Xb85P3yopgFL0cbCygc4PESZNUE=,+zujif6ksajj9kddpqaw/EpBeF8=
77,83,Xb85P3yopgFL0cbCygc4PESZNUE=,+zujif6ksajj9kddpqaw/EpBeF8=
75,81,Xb85P3yopgFL0cbCygc4PESZNUE=,+zujif6ksajj9kddpqaw/EpBeF8=
79,81,Xb85P3yopgFL0cbCygc4PESZNUE=,+zujif6ksajj9kddpqaw/EpBeF8=
76,82,Xb85P3yopgFL0cbCygc4PESZNUE=,+zujif6ksajj9kddpqaw/EpBeF8=
78,83,Xb85P3yopgFL0cbCygc4PESZNUE=,+zujif6ksajj9kddpqaw/EpBeF8=
75,80,Xb85P3yopgFL0cbCygc4PESZNUE=,+zujif6ksajj9kddpqaw/EpBeF8=
77,82,Xb85P3yopgFL0cbCygc4PESZNUE=,+zujif6ksajj9kddpqaw/EpBeF8=
79,83,Xb85P3yopgFL0cbCygc4PESZNUE=,+zujif6ksajj9kddpqaw/EpBeF8=
78,82,Xb85P3yopgFL0cbCygc4PESZNUE=,+zujif6ksajj9kddpqaw/EpBeF8=
79,80,Xb85P3yopgFL0cbCygc4PESZNUE=,+zujif6ksajj9kddpqaw/EpBeF8=
76,81,Xb85P3yopgFL0cbCygc4PESZNUE=,+zujif6ksajj9kddpqaw/EpBeF8=
75,83,Xb85P3yopgFL0cbCygc4PESZNUE=,+zujif6ksajj9kddpqaw/EpBeF8=
79,82,Xb85P3yopgFL0cbCygc4PESZNUE=,+zujif6ksajj9kddpqaw/EpBeF8=
75,82,Xb85P3yopgFL0cbCygc4PESZNUE=,+zujif6ksajj9kddpqaw/EpBeF8=
76,80,Xb85P3yopgFL0cbCygc4PESZNUE=,+zujif6ksajj9kddpqaw/EpBeF8=
77,80,Xb85P3yopgFL0cbCygc4PESZNUE=,+zujif6ksajj9kddpqaw/EpBeF8=
78,80,Xb85P3yopgFL0cbCygc4PESZNUE=,+zujif6ksajj9kddpqaw/EpBeF8=
82,83,Xb85P3yopgFL0cbCygc4PESZNUE=,+zujif6ksajj9kddpqaw/EpBeF8=
80,80,Xb85P3yopgFL0cbCygc4PESZNUE=,+zujif6ksajj9kddpqaw/EpBeF8=
83,83,Xb85P3yopgFL0cbCygc4PESZNUE=,+zujif6ksajj9kddpqaw/EpBeF8=
82,82,Xb85P3yopgFL0cbCygc4PESZNUE=,+zujif6ksajj9kddpqaw/EpBeF8=
82,81,Xb85P3yopgFL0cbCygc4PESZNUE=,+zujif6ksajj9kddpqaw/EpBeF8=
81,80,Xb85P3yopgFL0cbCygc4PESZNUE=,+zujif6ksajj9kddpqaw/EpBeF8=
83,82,Xb85P3yopgFL0cbCygc4PESZNUE=,+zujif6ksajj9kddpqaw/EpBeF8=
80,83,Xb85P3yopgFL0cbCygc4PESZNUE=,+zujif6ksajj9kddpqaw/EpBeF8=
81,83,Xb85P3yopgFL0cbCygc4PESZNUE=,+zujif6ksajj9kddpqaw/EpBeF8=
82,80,Xb85P3yopgFL0cbCygc4PESZNUE=,+zujif6ksajj9kddpqaw/EpBeF8=
81,82,Xb85P3yopgFL0cbCygc4PESZNUE=,+zujif6ksajj9kddpqaw/EpBeF8=
80,82,Xb85P3yopgFL0cbCygc4PESZNUE=,+zujif6ksajj9kddpqaw/EpBeF8=
81,81,Xb85P3yopgFL0cbCygc4PESZNUE=,+zujif6ksajj9kddpqaw/EpBeF8=
80,81,Xb85P3yopgFL0cbCygc4PESZNUE=,+zujif6ksajj9kddpqaw/EpBeF8=
83,80,Xb85P3yopgFL0cbCygc4PESZNUE=,+zujif6ksajj9kddpqaw/EpBeF8=
83,81,Xb85P3yopgFL0cbCygc4PESZNUE=,+zujif6ksajj9kddpqaw/EpBeF8=
80,73,Xb85P3yopgFL0cbCygc4PESZNUE=,+zujif6ksajj9kddpqaw/EpBeF8=
80,74,Xb85P3yopgFL0cbCygc4PESZNUE=,+zujif6ksajj9kddpqaw/EpBeF8=
82,73,Xb85P3yopgFL0cbCygc4PESZNUE=,+zujif6ksajj9kddpqaw/EpBeF8=
81,73,Xb85P3yopgFL0cbCygc4PESZNUE=,+zujif6ksajj9kddpqaw/EpBeF8=
81,74,Xb85P3yopgFL0cbCygc4PESZNUE=,+zujif6ksajj9kddpqaw/EpBeF8=
83,73,Xb85P3yopgFL0cbCygc4PESZNUE=,+zujif6ksajj9kddpqaw/EpBeF8=
82,74,Xb85P3yopgFL0cbCygc4PESZNUE=,+zujif6ksajj9kddpqaw/EpBeF8=
83,74,Xb85P3yopgFL0cbCygc4PESZNUE=,+zujif6ksajj9kddpqaw/EpBeF8=
81,72,Xb85P3yopgFL0cbCygc4PESZNUE=,+zujif6ksajj9kddpqaw/EpBeF8=
82,72,Xb85P3yopgFL0cbCygc4PESZNUE=,+zujif6ksajj9kddpqaw/EpBeF8=
80,72,Xb85P3yopgFL0cbCygc4PESZNUE=,+zujif6ksajj9kddpqaw/EpBeF8=
83,72,Xb85P3yopgFL0cbCygc4PESZNUE=,+zujif6ksajj9kddpqaw/EpBeF8=
82,76,Xb85P3yopgFL0cbCygc4PESZNUE=,+zujif6ksajj9kddpqaw/EpBeF8=
80,76,Xb85P3yopgFL0cbCygc4PESZNUE=,+zujif6ksajj9kddpqaw/EpBeF8=
82,79,Xb85P3yopgFL0cbCygc4PESZNUE=,+zujif6ksajj9kddpqaw/EpBeF8=
83,79,Xb85P3yopgFL0cbCygc4PESZNUE=,+zujif6ksajj9kddpqaw/EpBeF8=
83,76,Xb85P3yopgFL0cbCygc4PESZNUE=,+zujif6ksajj9kddpqaw/EpBeF8=
80,77,Xb85P3yopgFL0cbCygc4PESZNUE=,+zujif6ksajj9kddpqaw/EpBeF8=
82,78,Xb85P3yopgFL0cbCygc4PESZNUE=,+zujif6ksajj9kddpqaw/EpBeF8=
83,78,Xb85P3yopgFL0cbCygc4PESZNUE=,+zujif6ksajj9kddpqaw/EpBeF8=
80,75,Xb85P3yopgFL0cbCygc4PESZNUE=,+zujif6ksajj9kddpqaw/EpBeF8=
80,78,Xb85P3yopgFL0cbCygc4PESZNUE=,+zujif6ksajj9kddpqaw/EpBeF8=
81,75,Xb85P3yopgFL0cbCygc4PESZNUE=,+zujif6ksajj9kddpqaw/EpBeF8=
81,76,Xb85P3yopgFL0cbCygc4PESZNUE=,+zujif6ksajj9kddpqaw/EpBeF8=
81,77,Xb85P3yopgFL0cbCygc4PESZNUE=,+zujif6ksajj9kddpqaw/EpBeF8=
81,78,Xb85P3yopgFL0cbCygc4PESZNUE=,+zujif6ksajj9kddpqaw/EpBeF8=
82,77,Xb85P3yopgFL0cbCygc4PESZNUE=,+zujif6ksajj9kddpqaw/EpBeF8=
83,77,Xb85P3yopgFL0cbCygc4PESZNUE=,+zujif6ksajj9kddpqaw/EpBeF8=
82,75,Xb85P3yopgFL0cbCygc4PESZNUE=,+zujif6ksajj9kddpqaw/EpBeF8=
80,79,Xb85P3yopgFL0cbCygc4PESZNUE=,+zujif6ksajj9kddpqaw/EpBeF8=
83,75,Xb85P3yopgFL0cbCygc4PESZNUE=,+zujif6ksajj9kddpqaw/EpBeF8=
81,79,Xb85P3yopgFL0cbCygc4PESZNUE=,+zujif6ksajj9kddpqaw/EpBeF8=
