-1,-1,TwT3wn9vTZPHVpVtlfIU0/rTFKQ=,41Abc5WAwggtDKeLLpNAN0B/EIg=
-1,-2,TwT3wn9vTZPHVpVtlfIU0/rTFKQ=,a1IYS9wmQahICqCaPR0cKvfKlqk=
-1,-3,TwT3wn9vTZPHVpVtlfIU0/rTFKQ=,Kbmlb5eVfS96ArNc7PXFaJpyfPM=
-1,-4,TwT3wn9vTZPHVpVtlfIU0/rTFKQ=,X+aFmMfVUHCap0bHJMSzStORv38=
-1,-5,TwT3wn9vTZPHVpVtlfIU0/rTFKQ=,X+aFmMfVUHCap0bHJMSzStORv38=
-1,-6,TwT3wn9vTZPHVpVtlfIU0/rTFKQ=,X+aFmMfVUHCap0bHJMSzStORv38=
-1,-7,TwT3wn9vTZPHVpVtlfIU0/rTFKQ=,e8ObBLjYI1JlIXEgy0Y3o5UM50I=
-1,-8,TwT3wn9vTZPHVpVtlfIU0/rTFKQ=,v1tr3OTQx6rwO1c/DATo+hmC4xA=
-1,-9,TwT3wn9vTZPHVpVtlfIU0/rTFKQ=,sDBRb+qW48mQwSXUVw8VTvYpMvk=
-1,-10,TwT3wn9vTZPHVpVtlfIU0/rTFKQ=,URzKgn/3pKfm96r0xXGH5q/pT8s=
-1,-11,TwT3wn9vTZPHVpVtlfIU0/rTFKQ=,URzKgn/3pKfm96r0xXGH5q/pT8s=
-1,-12,TwT3wn9vTZPHVpVtlfIU0/rTFKQ=,6KuRW0ZR844FovHgubZSruD46yE=
-1,-13,TwT3wn9vTZPHVpVtlfIU0/rTFKQ=,HOYj9bF3ANm5xhuT2h/9feIOPAY=
-1,-14,TwT3wn9vTZPHVpVtlfIU0/rTFKQ=,HOYj9bF3ANm5xhuT2h/9feIOPAY=
-1,-15,TwT3wn9vTZPHVpVtlfIU0/rTFKQ=,HOYj9bF3ANm5xhuT2h/9feIOPAY=
-1,-16,TwT3wn9vTZPHVpVtlfIU0/rTFKQ=,uR5Tl4iEqzKcqRkV+++/rleFCrY=
-1,-17,TwT3wn9vTZPHVpVtlfIU0/rTFKQ=,nU5yWhWTZfh67EghYDFMo0mIlsU=
-1,-18,TwT3wn9vTZPHVpVtlfIU0/rTFKQ=,nU5yWhWTZfh67EghYDFMo0mIlsU=
-1,-19,TwT3wn9vTZPHVpVtlfIU0/rTFKQ=,nU5yWhWTZfh67EghYDFMo0mIlsU=
-1,-20,TwT3wn9vTZPHVpVtlfIU0/rTFKQ=,nU5yWhWTZfh67EghYDFMo0mIlsU=
-1,-21,TwT3wn9vTZPHVpVtlfIU0/rTFKQ=,nU5yWhWTZfh67EghYDFMo0mIlsU=
-2,-2,TwT3wn9vTZPHVpVtlfIU0/rTFKQ=,gOHmsG7bxkZGAeJnKou55k3OurI=
-2,-1,TwT3wn9vTZPHVpVtlfIU0/rTFKQ=,WCTfs/Kq8Lp+jK5C3WXLm/6R5GA=
-2,-4,TwT3wn9vTZPHVpVtlfIU0/rTFKQ=,+woFcAc58h7Pk2H5j7nZWbaq1Q8=
-2,-3,TwT3wn9vTZPHVpVtlfIU0/rTFKQ=,LU3I+s9MoJRK7TRC4J41hD/SBq0=
-2,-6,TwT3wn9vTZPHVpVtlfIU0/rTFKQ=,TXieHCsg271aSg7SDOVRd7U3rnU=
-2,-5,TwT3wn9vTZPHVpVtlfIU0/rTFKQ=,LU2k9gaB8Vh/Aj7FBlfk3IxYmLU=
-2,-10,co0UNi0hm1fGemhI7NLWnimXldw=,uJTYt1Z4xOhNc63UuhXqWRVX4s0=
-2,-9,co0UNi0hm1fGemhI7NLWnimXldw=,3BzTRk3FGFjb48kgD4HrYukfHnM=
-2,-12,co0UNi0hm1fGemhI7NLWnimXldw=,P9nyCGrSFDipYE2wAeQOi/QUlKM=
-2,-11,co0UNi0hm1fGemhI7NLWnimXldw=,/QM8i5cgpgGPclw3Kiat37DLZZU=
-2,-14,co0UNi0hm1fGemhI7NLWnimXldw=,CCYCFAh8q76MYzfxea+NAfSc3vg=
-2,-13,co0UNi0hm1fGemhI7NLWnimXldw=,Z97m6aHWwkNoy84rHPfysliYWnI=
-2,-16,co0UNi0hm1fGemhI7NLWnimXldw=,Mq/Hp/awvlHKscKXUoVFpN0O4dg=
-2,-15,co0UNi0hm1fGemhI7NLWnimXldw=,VmYCNaLDgpYBoj/2iB5qOai7/OA=
-2,-18,co0UNi0hm1fGemhI7NLWnimXldw=,nU5yWhWTZfh67EghYDFMo0mIlsU=
-2,-17,co0UNi0hm1fGemhI7NLWnimXldw=,nU5yWhWTZfh67EghYDFMo0mIlsU=
-2,-20,co0UNi0hm1fGemhI7NLWnimXldw=,nU5yWhWTZfh67EghYDFMo0mIlsU=
-2,-19,co0UNi0hm1fGemhI7NLWnimXldw=,nU5yWhWTZfh67EghYDFMo0mIlsU=
-2,-21,co0UNi0hm1fGemhI7NLWnimXldw=,nU5yWhWTZfh67EghYDFMo0mIlsU=
-3,-3,co0UNi0hm1fGemhI7NLWnimXldw=,tT5VNC53sxxojSmgjE0ippT8JQE=
-3,-4,co0UNi0hm1fGemhI7NLWnimXldw=,IgfTpyOJmb3WSrpjI7qafb9yAdQ=
-3,-1,co0UNi0hm1fGemhI7NLWnimXldw=,RgUj5H3rtzSGPdaBKAR2hwtGMVE=
-3,-2,co0UNi0hm1fGemhI7NLWnimXldw=,FF5l9P3ZQvuUTRRiE/TK+HfW3nk=
-3,-7,co0UNi0hm1fGemhI7NLWnimXldw=,Hhg0Rl6PWCAwY70eY3AVt6XYbmA=
-3,-8,co0UNi0hm1fGemhI7NLWnimXldw=,bxQHQr6Rga5wC0gUlhcDx4jdunE=
-3,-5,co0UNi0hm1fGemhI7NLWnimXldw=,NNvKqiFYG2H8ADrqXdpUUiFyJGw=
-3,-6,co0UNi0hm1fGemhI7NLWnimXldw=,LT4oagq0bx/ZkXJ3cU1chBbSASQ=
-3,-9,co0UNi0hm1fGemhI7NLWnimXldw=,3BzTRk3FGFjb48kgD4HrYukfHnM=
-3,-15,co0UNi0hm1fGemhI7NLWnimXldw=,r8KIOpHzfKkhLpUkB8lx5muksZg=
-3,-16,co0UNi0hm1fGemhI7NLWnimXldw=,jipDGb2zM/dxjipUaNWuSkVjOv8=
-3,-14,co0UNi0hm1fGemhI7NLWnimXldw=,Q8CLX1vv0lYkOdADGCz5ggRejSw=
-3,-20,co0UNi0hm1fGemhI7NLWnimXldw=,nU5yWhWTZfh67EghYDFMo0mIlsU=
-4,-4,co0UNi0hm1fGemhI7NLWnimXldw=,0R3NonQmr9gSwfaFTaHyiUw7y5k=
-4,-3,co0UNi0hm1fGemhI7NLWnimXldw=,lEh8YlO6dGqAzH6K2KJTMJdkZvI=
-4,-2,co0UNi0hm1fGemhI7NLWnimXldw=,uo1UtPyvvOXYivqSMDlouD57tkk=
-4,-1,co0UNi0hm1fGemhI7NLWnimXldw=,0R3NonQmr9gSwfaFTaHyiUw7y5k=
-4,-8,co0UNi0hm1fGemhI7NLWnimXldw=,v1tr3OTQx6rwO1c/DATo+hmC4xA=
-4,-7,co0UNi0hm1fGemhI7NLWnimXldw=,e8ObBLjYI1JlIXEgy0Y3o5UM50I=
-4,-6,co0UNi0hm1fGemhI7NLWnimXldw=,+wuR8Td8gmWuwCT1DX0O1itku30=
-4,-5,+fKXPwHzO6qEfRNKzbEczcExhsU=,h24Je1jIeCGnmDaruxZa/MmI5wg=
-4,-12,+fKXPwHzO6qEfRNKzbEczcExhsU=,jipDGb2zM/dxjipUaNWuSkVjOv8=
-4,-11,+fKXPwHzO6qEfRNKzbEczcExhsU=,jipDGb2zM/dxjipUaNWuSkVjOv8=
-4,-10,+fKXPwHzO6qEfRNKzbEczcExhsU=,FTIcs3dUFPY/m2bYXiEfOHAJMpM=
-4,-9,+fKXPwHzO6qEfRNKzbEczcExhsU=,3BzTRk3FGFjb48kgD4HrYukfHnM=
-4,-15,+fKXPwHzO6qEfRNKzbEczcExhsU=,JU/g/5EFS/NKxQEoT7FVeO2/Yho=
-4,-14,+fKXPwHzO6qEfRNKzbEczcExhsU=,Z8pcnp+lAKB23pcpDgxD3pHefcE=
-4,-13,+fKXPwHzO6qEfRNKzbEczcExhsU=,jipDGb2zM/dxjipUaNWuSkVjOv8=
-5,-5,+fKXPwHzO6qEfRNKzbEczcExhsU=,IIEvVXL5MKptTHt20fQ8dgVcIpQ=
-5,-6,+fKXPwHzO6qEfRNKzbEczcExhsU=,dIgwBvndpCovDowRU5wyRowwk+4=
-5,-1,+fKXPwHzO6qEfRNKzbEczcExhsU=,0R3NonQmr9gSwfaFTaHyiUw7y5k=
-5,-2,+fKXPwHzO6qEfRNKzbEczcExhsU=,SA57XsV6VIhaCxpchx5cQP8ugHc=
-5,-3,+fKXPwHzO6qEfRNKzbEczcExhsU=,ezxjopGZCZ63A93eYsfh3DwCi74=
-5,-14,+fKXPwHzO6qEfRNKzbEczcExhsU=,jipDGb2zM/dxjipUaNWuSkVjOv8=
-5,-9,+fKXPwHzO6qEfRNKzbEczcExhsU=,1Ke32SD+3sLtF2Ila1FRu3UtLDE=
-6,-6,+fKXPwHzO6qEfRNKzbEczcExhsU=,7lYV6nZ2efbZhnSE1I87vhkmxIA=
-6,-8,+fKXPwHzO6qEfRNKzbEczcExhsU=,JTawz7qIGKrirR9k2jB7TkRhymg=
-6,-7,+fKXPwHzO6qEfRNKzbEczcExhsU=,XWn5/b7yyHlFLXT5RdfThRZWV5c=
-6,-2,+fKXPwHzO6qEfRNKzbEczcExhsU=,0R3NonQmr9gSwfaFTaHyiUw7y5k=
-6,-1,+fKXPwHzO6qEfRNKzbEczcExhsU=,0R3NonQmr9gSwfaFTaHyiUw7y5k=
-6,-14,XMogoFZT484egJ4ydg3XZG5vbR8=,jipDGb2zM/dxjipUaNWuSkVjOv8=
-6,-9,XMogoFZT484egJ4ydg3XZG5vbR8=,jipDGb2zM/dxjipUaNWuSkVjOv8=
-7,-7,XMogoFZT484egJ4ydg3XZG5vbR8=,lEmFEys7WJEEgwNYgSNV3dLkWOI=
-7,-8,XMogoFZT484egJ4ydg3XZG5vbR8=,7FBu7MbRn4XrAObkBNB8hQQvhqg=
-7,-6,XMogoFZT484egJ4ydg3XZG5vbR8=,f1vkmVwF949+En/P8j7r4EnpwVI=
-7,-1,XMogoFZT484egJ4ydg3XZG5vbR8=,0R3NonQmr9gSwfaFTaHyiUw7y5k=
-7,-2,XMogoFZT484egJ4ydg3XZG5vbR8=,0R3NonQmr9gSwfaFTaHyiUw7y5k=
-7,-14,XMogoFZT484egJ4ydg3XZG5vbR8=,jipDGb2zM/dxjipUaNWuSkVjOv8=
-8,-8,XMogoFZT484egJ4ydg3XZG5vbR8=,RIw3sZVHvC8B+pRHgXzy3jXdMoM=
-8,-7,XMogoFZT484egJ4ydg3XZG5vbR8=,f1vkmVwF949+En/P8j7r4EnpwVI=
-8,-2,XMogoFZT484egJ4ydg3XZG5vbR8=,0R3NonQmr9gSwfaFTaHyiUw7y5k=
-8,-1,XMogoFZT484egJ4ydg3XZG5vbR8=,0R3NonQmr9gSwfaFTaHyiUw7y5k=
-8,-14,0Gvs9lZInQKcQ0x3TkpjY/osJ6Q=,jipDGb2zM/dxjipUaNWuSkVjOv8=
-9,-14,0Gvs9lZInQKcQ0x3TkpjY/osJ6Q=,48VgK19kca1RfoPuHRKJk9qfURE=
-9,-1,0Gvs9lZInQKcQ0x3TkpjY/osJ6Q=,4OYtuVdq83EAgIRbeWyu/7Dwkik=
-9,-2,0Gvs9lZInQKcQ0x3TkpjY/osJ6Q=,4OYtuVdq83EAgIRbeWyu/7Dwkik=
-9,-7,0Gvs9lZInQKcQ0x3TkpjY/osJ6Q=,TGKhZD31WU7yUUSsAf7bSr0ud8Y=
-9,-8,0Gvs9lZInQKcQ0x3TkpjY/osJ6Q=,TGKhZD31WU7yUUSsAf7bSr0ud8Y=
-10,-14,6+4DdY3SGYoPADpRz0Syf9+Q6ac=,48VgK19kca1RfoPuHRKJk9qfURE=
-10,-2,6+4DdY3SGYoPADpRz0Syf9+Q6ac=,4OYtuVdq83EAgIRbeWyu/7Dwkik=
-10,-1,6+4DdY3SGYoPADpRz0Syf9+Q6ac=,4OYtuVdq83EAgIRbeWyu/7Dwkik=
-10,-3,6+4DdY3SGYoPADpRz0Syf9+Q6ac=,4OYtuVdq83EAgIRbeWyu/7Dwkik=
-10,-8,6+4DdY3SGYoPADpRz0Syf9+Q6ac=,48VgK19kca1RfoPuHRKJk9qfURE=
-10,-7,6+4DdY3SGYoPADpRz0Syf9+Q6ac=,48VgK19kca1RfoPuHRKJk9qfURE=
-11,-14,6+4DdY3SGYoPADpRz0Syf9+Q6ac=,5+I0gbTRW4y3ux28AeZUIA7Fc48=
-11,-3,6+4DdY3SGYoPADpRz0Syf9+Q6ac=,4OYtuVdq83EAgIRbeWyu/7Dwkik=
-11,-4,6+4DdY3SGYoPADpRz0Syf9+Q6ac=,4OYtuVdq83EAgIRbeWyu/7Dwkik=
-11,-1,6+4DdY3SGYoPADpRz0Syf9+Q6ac=,4OYtuVdq83EAgIRbeWyu/7Dwkik=
-11,-2,4cF2ZxzXMuVLnYMY21UqTG9CTiY=,4OYtuVdq83EAgIRbeWyu/7Dwkik=
-11,-7,4cF2ZxzXMuVLnYMY21UqTG9CTiY=,48VgK19kca1RfoPuHRKJk9qfURE=
-11,-8,4cF2ZxzXMuVLnYMY21UqTG9CTiY=,48VgK19kca1RfoPuHRKJk9qfURE=
-12,-14,4cF2ZxzXMuVLnYMY21UqTG9CTiY=,wHk4TpXPB8WBuCXpthck4g8Ey7I=
-12,-4,4cF2ZxzXMuVLnYMY21UqTG9CTiY=,4OYtuVdq83EAgIRbeWyu/7Dwkik=
-12,-3,4cF2ZxzXMuVLnYMY21UqTG9CTiY=,4OYtuVdq83EAgIRbeWyu/7Dwkik=
-12,-2,4cF2ZxzXMuVLnYMY21UqTG9CTiY=,4OYtuVdq83EAgIRbeWyu/7Dwkik=
-13,-14,4cF2ZxzXMuVLnYMY21UqTG9CTiY=,nClmJfTE9HJ+i6jH1eVeF3jHYjc=
-13,-2,4cF2ZxzXMuVLnYMY21UqTG9CTiY=,4OYtuVdq83EAgIRbeWyu/7Dwkik=
-13,-3,4cF2ZxzXMuVLnYMY21UqTG9CTiY=,4OYtuVdq83EAgIRbeWyu/7Dwkik=
-13,-4,4cF2ZxzXMuVLnYMY21UqTG9CTiY=,4OYtuVdq83EAgIRbeWyu/7Dwkik=
-14,-14,4cF2ZxzXMuVLnYMY21UqTG9CTiY=,nClmJfTE9HJ+i6jH1eVeF3jHYjc=
-15,-14,gtziQcQoK6lZT8eZTf1mzWCm6uM=,5+I0gbTRW4y3ux28AeZUIA7Fc48=
-16,-15,gtziQcQoK6lZT8eZTf1mzWCm6uM=,tTyqwTkQZCnuo0u9pQmpGVy6wzo=
-16,-14,gtziQcQoK6lZT8eZTf1mzWCm6uM=,AxZMOe9iX2nxlxmHDkESFTLpdQ4=
-17,-1,gtziQcQoK6lZT8eZTf1mzWCm6uM=,w6oPltuNtDzRJi/apyGClz0XmEo=
-17,-13,gtziQcQoK6lZT8eZTf1mzWCm6uM=,D6rTXnw0mkO4ULn1R89aIaxaGcE=
-17,-14,gtziQcQoK6lZT8eZTf1mzWCm6uM=,D6rTXnw0mkO4ULn1R89aIaxaGcE=
-17,-15,gtziQcQoK6lZT8eZTf1mzWCm6uM=,D6rTXnw0mkO4ULn1R89aIaxaGcE=
-17,-16,gtziQcQoK6lZT8eZTf1mzWCm6uM=,D6rTXnw0mkO4ULn1R89aIaxaGcE=
-18,-14,gtziQcQoK6lZT8eZTf1mzWCm6uM=,D6rTXnw0mkO4ULn1R89aIaxaGcE=
-18,-13,gtziQcQoK6lZT8eZTf1mzWCm6uM=,siQFVWZvJWKFMjw11wp9899/jHA=
-18,-16,gtziQcQoK6lZT8eZTf1mzWCm6uM=,D6rTXnw0mkO4ULn1R89aIaxaGcE=
-18,-15,gtziQcQoK6lZT8eZTf1mzWCm6uM=,D6rTXnw0mkO4ULn1R89aIaxaGcE=
-19,-15,gtziQcQoK6lZT8eZTf1mzWCm6uM=,D6rTXnw0mkO4ULn1R89aIaxaGcE=
-19,-16,gtziQcQoK6lZT8eZTf1mzWCm6uM=,D6rTXnw0mkO4ULn1R89aIaxaGcE=
-19,-13,gtziQcQoK6lZT8eZTf1mzWCm6uM=,NeJS6iMu9QoA7eVuCA67JsXD9bg=
-19,-14,gtziQcQoK6lZT8eZTf1mzWCm6uM=,jglMOhymuOsPyNej3mDAA7tDBJE=
-20,-16,gtziQcQoK6lZT8eZTf1mzWCm6uM=,D6rTXnw0mkO4ULn1R89aIaxaGcE=
-20,-15,gtziQcQoK6lZT8eZTf1mzWCm6uM=,D6rTXnw0mkO4ULn1R89aIaxaGcE=
-20,-14,gtziQcQoK6lZT8eZTf1mzWCm6uM=,kT8J3zp2vwzguccrKkvc3BOsLFM=
-20,-13,gtziQcQoK6lZT8eZTf1mzWCm6uM=,njQAxTAm12SzTFZHkQdRg8WncOU=
-21,-15,gtziQcQoK6lZT8eZTf1mzWCm6uM=,D6rTXnw0mkO4ULn1R89aIaxaGcE=
-27,-1,gtziQcQoK6lZT8eZTf1mzWCm6uM=,FGSDGd+oiCTlftdGB2SNpbAV6eE=
-28,-1,gtziQcQoK6lZT8eZTf1mzWCm6uM=,FGSDGd+oiCTlftdGB2SNpbAV6eE=
