46,-2,yE/b/ahyqGOLwspsSi6U4ZivERQ=,PrRd+jtT34fBFidP5WcMoKGPjL8=
46,-1,yE/b/ahyqGOLwspsSi6U4ZivERQ=,PrRd+jtT34fBFidP5WcMoKGPjL8=
46,-4,yE/b/ahyqGOLwspsSi6U4ZivERQ=,PrRd+jtT34fBFidP5WcMoKGPjL8=
46,-3,yE/b/ahyqGOLwspsSi6U4ZivERQ=,PrRd+jtT34fBFidP5WcMoKGPjL8=
46,-6,yE/b/ahyqGOLwspsSi6U4ZivERQ=,PrRd+jtT34fBFidP5WcMoKGPjL8=
46,-5,yE/b/ahyqGOLwspsSi6U4ZivERQ=,PrRd+jtT34fBFidP5WcMoKGPjL8=
45,-3,yE/b/ahyqGOLwspsSi6U4ZivERQ=,PrRd+jtT34fBFidP5WcMoKGPjL8=
45,-4,yE/b/ahyqGOLwspsSi6U4ZivERQ=,PrRd+jtT34fBFidP5WcMoKGPjL8=
45,-1,yE/b/ahyqGOLwspsSi6U4ZivERQ=,PrRd+jtT34fBFidP5WcMoKGPjL8=
45,-2,yE/b/ahyqGOLwspsSi6U4ZivERQ=,PrRd+jtT34fBFidP5WcMoKGPjL8=
45,-5,yE/b/ahyqGOLwspsSi6U4ZivERQ=,PrRd+jtT34fBFidP5WcMoKGPjL8=
45,-6,yE/b/ahyqGOLwspsSi6U4ZivERQ=,PrRd+jtT34fBFidP5WcMoKGPjL8=
44,-2,yE/b/ahyqGOLwspsSi6U4ZivERQ=,PrRd+jtT34fBFidP5WcMoKGPjL8=
44,-1,yE/b/ahyqGOLwspsSi6U4ZivERQ=,PrRd+jtT34fBFidP5WcMoKGPjL8=
44,-5,yE/b/ahyqGOLwspsSi6U4ZivERQ=,PrRd+jtT34fBFidP5WcMoKGPjL8=
43,-1,yE/b/ahyqGOLwspsSi6U4ZivERQ=,PrRd+jtT34fBFidP5WcMoKGPjL8=
43,-2,yE/b/ahyqGOLwspsSi6U4ZivERQ=,PrRd+jtT34fBFidP5WcMoKGPjL8=
42,-2,yE/b/ahyqGOLwspsSi6U4ZivERQ=,PrRd+jtT34fBFidP5WcMoKGPjL8=
42,-1,yE/b/ahyqGOLwspsSi6U4ZivERQ=,PrRd+jtT34fBFidP5WcMoKGPjL8=
41,-1,yE/b/ahyqGOLwspsSi6U4ZivERQ=,bEs/mRbxm6h3wsJPN28QO8tzhZ4=
40,-1,yE/b/ahyqGOLwspsSi6U4ZivERQ=,vPFqPhp9H0ASTZBUj+lAU/nIE2w=
39,-1,yE/b/ahyqGOLwspsSi6U4ZivERQ=,PrRd+jtT34fBFidP5WcMoKGPjL8=
38,-1,yE/b/ahyqGOLwspsSi6U4ZivERQ=,PrRd+jtT34fBFidP5WcMoKGPjL8=
